<configuration xmlns="urn:activemq" xmlns:xsi="http://www.w3.org/2001/XMLSchema-instance"
               xsi:schemaLocation="urn:activemq /schema/artemis-configuration.xsd">
    <core xmlns="urn:activemq:core">
        <name>PrimaryNode</name>
        <persistence-enabled>true</persistence-enabled>
        <journal-type>NIO</journal-type>
        <paging-directory>data/paging</paging-directory>
        <bindings-directory>data/bindings</bindings-directory>
        <journal-directory>data/journal</journal-directory>
        <large-messages-directory>data/large-messages</large-messages-directory>

        <connectors>
            <connector name="netty-connector">tcp://artemis-service-primary:61616</connector>
            <connector name="netty-connector-backup">tcp://artemis-service-backup:61616</connector>
        </connectors>
        <cluster-connections>
            <cluster-connection name="my-cluster">
                <connector-ref>netty-connector</connector-ref>
                <retry-interval>500</retry-interval>
                <use-duplicate-detection>true</use-duplicate-detection>
                <message-load-balancing>ON_DEMAND</message-load-balancing>
                <max-hops>1</max-hops>
                <static-connectors>
                    <connector-ref>netty-connector-backup</connector-ref>
                </static-connectors>
            </cluster-connection>
        </cluster-connections>
    
    </core>
</configuration>



<configuration xmlns="urn:activemq" xmlns:xsi="http://www.w3.org/2001/XMLSchema-instance"
               xsi:schemaLocation="urn:activemq /schema/artemis-configuration.xsd">
    <core xmlns="urn:activemq:core">
        <name>BackupNode</name>
        <persistence-enabled>true</persistence-enabled>
        <journal-type>NIO</journal-type>
        <paging-directory>data/paging</paging-directory>
        <bindings-directory>data/bindings</bindings-directory>
        <journal-directory>data/journal</journal-directory>
        <large-messages-directory>data/large-messages</large-messages-directory>

        <connectors>
            <connector name="netty-connector">tcp://artemis-service-backup:61616</connector>
            <connector name="netty-connector-primary">tcp://artemis-service-primary:61616</connector>
        </connectors>
        <cluster-connections>
            <cluster-connection name="my-cluster">
                <connector-ref>netty-connector</connector-ref>
                <retry-interval>500</retry-interval>
                <use-duplicate-detection>true</use-duplicate-detection>
                <message-load-balancing>ON_DEMAND</message-load-balancing>
                <max-hops>1</max-hops>
                <static-connectors>
                    <connector-ref>netty-connector-primary</connector-ref>
                </static-connectors>
            </cluster-connection>
        </cluster-connections>
        
    </core>
</configuration>
