<configuration xmlns="urn:activemq" xmlns:xsi="http://www.w3.org/2001/XMLSchema-instance"
               xsi:schemaLocation="urn:activemq /schema/artemis-configuration.xsd">
    <core xmlns="urn:activemq:core">
        <name>Node1</name>
        <persistence-enabled>true</persistence-enabled>
        <journal-type>NIO</journal-type>
        <paging-directory>data/paging</paging-directory>
        <bindings-directory>data/bindings</bindings-directory>
        <journal-directory>data/journal</journal-directory>
        <large-messages-directory>data/large-messages</large-messages-directory>
        <cluster-connections>
            <cluster-connection name="my-cluster">
                <connector-ref>netty-connector</connector-ref>
                <retry-interval>500</retry-interval>
                <use-duplicate-detection>true</use-duplicate-detection>
                <message-load-balancing>ON_DEMAND</message-load-balancing>
                <max-hops>1</max-hops>
                <discovery-group-ref discovery-group-name="my-discovery-group"/>
            </cluster-connection>
        </cluster-connections>
        <connectors>
            <connector name="netty-connector">tcp://localhost:61616</connector>
        </connectors>
        <discovery-groups>
            <discovery-group name="my-discovery-group">
                <local-bind-address>localhost</local-bind-address>
                <group-address>231.7.7.7</group-address>
                <group-port>9876</group-port>
                <refresh-timeout>1000</refresh-timeout>
            </discovery-group>
        </discovery-groups>
    </core>
</configuration>



<configuration xmlns="urn:activemq" xmlns:xsi="http://www.w3.org/2001/XMLSchema-instance"
               xsi:schemaLocation="urn:activemq /schema/artemis-configuration.xsd">
    <core xmlns="urn:activemq:core">
        <name>Node2</name>
        <persistence-enabled>true</persistence-enabled>
        <journal-type>NIO</journal-type>
        <paging-directory>data/paging</paging-directory>
        <bindings-directory>data/bindings</bindings-directory>
        <journal-directory>data/journal</journal-directory>
        <large-messages-directory>data/large-messages</large-messages-directory>
        <cluster-connections>
            <cluster-connection name="my-cluster">
                
                <connector-ref>netty-connector</connector-ref>
                <retry-interval>500</retry-interval>
                <use-duplicate-detection>true</use-duplicate-detection>
                <message-load-balancing>ON_DEMAND</message-load-balancing>
                <max-hops>1</max-hops>
                <discovery-group-ref discovery-group-name="my-discovery-group"/>
            </cluster-connection>
        </cluster-connections>
        <connectors>
            <connector name="netty-connector">tcp://localhost:61617</connector>
        </connectors>
        <discovery-groups>
            <discovery-group name="my-discovery-group">
                <local-bind-address>localhost</local-bind-address>
                <group-address>231.7.7.7</group-address>
                <group-port>9876</group-port>
                <refresh-timeout>1000</refresh-timeout>
            </discovery-group>
        </discovery-groups>
    </core>
</configuration>
